{
  // Use IntelliSense to learn about possible attributes.
  // Hover to view descriptions of existing attributes.
  // For more information, visit: https://go.microsoft.com/fwlink/?linkid=830387
  "version": "0.2.0",
  "configurations": [
    {
      "name": "Electron Main",
      "type": "pwa-node",
      "trace": true,
      "stopOnEntry": true,
      "sourceMaps": true,
      "smartStep": false,
      "request": "launch",
      "env": { "NODE_ENV": "development" },
      "runtimeExecutable": "${workspaceFolder}/node_modules/.bin/electron",
      "runtimeArgs": [
        "--inspect-brk=5858",
        "--preserve-symlinks",
        "--preserve-symlinks-main",
        "-r",
        "ts-node/register/transpile-only",
        "--remote-debugging-port=9223"
      ],
      "program": "${workspaceFolder}/src/main/main.ts",
      "args": [
        "--debug",
        "-info",
        "--config",
        "config.json",
        "--results",
        "results/myresults"
      ],
      "skipFiles": [
        // "<node_internals>/**"
      ],
    },
    {
      "type": "pwa-node",
      "request": "launch",
      "name": "Launch Program",
      "skipFiles": [
        "<node_internals>/**"
      ],
      "program": "${file}",
      "preLaunchTask": "tsc: build - tsconfig.json",
      "outFiles": [
        "${workspaceFolder}/release/app/dist/**/*.js"
      ]
    }
  ]
}
